-- ============================================================
-- 华南地区院校 + 河南录取数据
-- ============================================================
USE volunteer_assistant;

-- === 华南地区院校 ===
INSERT INTO school_info (school_code, school_name, school_type, school_nature, location, city, is_985, is_211, is_double_first, description) VALUES
('10558', '中山大学', '985', '公办', '广东', '广州', 1, 1, 1, '孙中山先生创办，教育部直属重点综合性大学，华南第一学府。'),
('10561', '华南理工大学', '985', '公办', '广东', '广州', 1, 1, 1, '以工见长的全国重点大学，建筑老八校之一，国家"双一流"建设高校。'),
('10559', '暨南大学', '211', '公办', '广东', '广州', 0, 1, 1, '中国第一所华侨高等学府，国家"211工程"重点建设高校。'),
('10574', '华南师范大学', '211', '公办', '广东', '广州', 0, 1, 1, '广东省属重点大学，国家"211工程"重点建设高校。'),
('11845', '广东工业大学', '省属重点', '公办', '广东', '广州', 0, 0, 0, '广东省高水平理工科大学，工程学科实力突出。'),
('10590', '深圳大学', '省属重点', '公办', '广东', '深圳', 0, 0, 0, '位于深圳的综合性大学，计算机与电子信息学科发展迅速。'),
('10595', '桂林电子科技大学', '省属重点', '公办', '广西', '桂林', 0, 0, 0, '以电子信息为特色的工科院校，原电子工业部直属。'),
('10594', '广西科技大学', '普通本科', '公办', '广西', '柳州', 0, 0, 0, '广西壮族自治区属普通本科院校，工科为主。'),
('10588', '广东技术师范大学', '普通本科', '公办', '广东', '广州', 0, 0, 0, '广东省属普通本科院校，以培养职教师资为特色。'),
('11651', '海南师范大学', '普通本科', '公办', '海南', '海口', 0, 0, 0, '海南省属重点大学，师范与理工并举。'),
('12622', '广东理工学院', '普通本科', '民办', '广东', '肇庆', 0, 0, 0, '民办本科院校，以工科专业为主。'),
('12617', '广州城市理工学院', '普通本科', '民办', '广东', '广州', 0, 0, 0, '民办本科院校，原华南理工大学广州学院转设。'),
('11549', '南宁学院', '普通本科', '民办', '广西', '南宁', 0, 0, 0, '民办本科院校，工科与管理学科并重。'),
('10560', '汕头大学', '省属重点', '公办', '广东', '汕头', 0, 0, 0, '广东省属综合性大学，李嘉诚基金会资助。'),
('10564', '华南农业大学', '双一流', '公办', '广东', '广州', 0, 0, 1, '以农业科学为特色的综合性大学，国家"双一流"建设高校。');

-- === 华南院校 河南理科 2023 录取数据 ===
INSERT INTO admission_score (school_code, school_name, year, province, subject_type, batch, min_score, avg_score, min_rank) VALUES
-- 985/211 层
('10558', '中山大学', 2023, '河南', 'science', '本科一批', 638, 645, 3800),
('10561', '华南理工大学', 2023, '河南', 'science', '本科一批', 632, 640, 4600),
('10559', '暨南大学', 2023, '河南', 'science', '本科一批', 610, 618, 10500),
('10574', '华南师范大学', 2023, '河南', 'science', '本科一批', 595, 604, 17200),
('10564', '华南农业大学', 2023, '河南', 'science', '本科一批', 572, 582, 42000),
-- 省重点层
('10590', '深圳大学', 2023, '河南', 'science', '本科一批', 615, 622, 9200),
('11845', '广东工业大学', 2023, '河南', 'science', '本科一批', 585, 594, 22800),
('10595', '桂林电子科技大学', 2023, '河南', 'science', '本科一批', 558, 568, 58000),
('10560', '汕头大学', 2023, '河南', 'science', '本科一批', 575, 583, 38000),
-- 二本层
('10594', '广西科技大学', 2023, '河南', 'science', '本科二批', 498, 508, 145000),
('10588', '广东技术师范大学', 2023, '河南', 'science', '本科二批', 510, 518, 125000),
('11651', '海南师范大学', 2023, '河南', 'science', '本科二批', 485, 495, 168000),
-- 民办层
('12622', '广东理工学院', 2023, '河南', 'science', '本科二批', 425, 435, 265000),
('12617', '广州城市理工学院', 2023, '河南', 'science', '本科二批', 430, 440, 258000),
('11549', '南宁学院', 2023, '河南', 'science', '本科二批', 415, 425, 280000);

-- === 华南院校 河南理科 2024 录取数据 ===
INSERT INTO admission_score (school_code, school_name, year, province, subject_type, batch, min_score, avg_score, min_rank) VALUES
('10558', '中山大学', 2024, '河南', 'science', '本科一批', 640, 647, 3700),
('10561', '华南理工大学', 2024, '河南', 'science', '本科一批', 635, 641, 4400),
('10590', '深圳大学', 2024, '河南', 'science', '本科一批', 618, 624, 9000),
('10595', '桂林电子科技大学', 2024, '河南', 'science', '本科一批', 560, 570, 56000),
('11845', '广东工业大学', 2024, '河南', 'science', '本科一批', 588, 596, 22000),
('10594', '广西科技大学', 2024, '河南', 'science', '本科二批', 500, 510, 142000),
('10588', '广东技术师范大学', 2024, '河南', 'science', '本科二批', 512, 520, 122000),
('12622', '广东理工学院', 2024, '河南', 'science', '本科二批', 428, 438, 260000),
('12617', '广州城市理工学院', 2024, '河南', 'science', '本科二批', 433, 443, 253000),
('11549', '南宁学院', 2024, '河南', 'science', '本科二批', 418, 428, 277000);

-- === 更多专业热度 ===
INSERT INTO major_hot_rank (major_code, major_name, year, hot_score, `rank`, search_volume, apply_growth) VALUES
('080701', '电子信息工程', 2025, 91.0, 6, 2150000, 14.0),
('080702', '通信工程', 2025, 88.5, 9, 1650000, 9.5),
('080703', '电子科学与技术', 2025, 87.0, 12, 1450000, 11.0),
('080704', '微电子科学与工程', 2025, 85.5, 15, 1250000, 13.5),
('080705', '光电信息科学与工程', 2025, 82.0, 20, 980000, 8.0);
