-- ============================================================
-- 扩展种子数据 — 更多院校 + 分数线
-- ============================================================

USE volunteer_assistant;

-- === 更多院校 ===
INSERT INTO school_info (school_code, school_name, school_type, school_nature, location, city, is_985, is_211, is_double_first, description) VALUES
('10001', '北京大学', 'C9联盟', '公办', '北京', '北京', 1, 1, 1, '北京大学是中国近现代第一所国立综合性大学，国家"211工程"和"985工程"重点建设高校，首批"双一流"建设高校。'),
('10002', '清华大学', 'C9联盟', '公办', '北京', '北京', 1, 1, 1, '清华大学是中国最著名的高等学府之一，国家"211工程"和"985工程"重点建设高校，首批"双一流"建设高校。'),
('10003', '复旦大学', 'C9联盟', '公办', '上海', '上海', 1, 1, 1, '复旦大学是中国人自主创办的第一所高等院校，国家"211工程"和"985工程"重点建设高校。'),
('10004', '上海交通大学', 'C9联盟', '公办', '上海', '上海', 1, 1, 1, '上海交通大学是我国历史最悠久的高等学府之一，国家"211工程"和"985工程"重点建设高校。'),
('10005', '浙江大学', 'C9联盟', '公办', '浙江', '杭州', 1, 1, 1, '浙江大学是一所特色鲜明、在海内外有较大影响的综合型、研究型、创新型大学，国家"双一流"建设高校。'),
('10006', '南京大学', 'C9联盟', '公办', '江苏', '南京', 1, 1, 1, '南京大学是一所历史悠久、声誉卓著的百年名校，国家"211工程"和"985工程"重点建设高校。'),
('10007', '中国科学技术大学', 'C9联盟', '公办', '安徽', '合肥', 1, 1, 1, '中国科学技术大学是中国科学院所属的以前沿科学和高新技术为主的综合性全国重点大学。'),
('10008', '哈尔滨工业大学', 'C9联盟', '公办', '黑龙江', '哈尔滨', 1, 1, 1, '哈尔滨工业大学是国家首批"985工程"重点建设的9所大学之一，以航天特色著称。'),
('10009', '武汉大学', '985', '公办', '湖北', '武汉', 1, 1, 1, '武汉大学是国家教育部直属重点综合性大学，国家"985工程"和"211工程"重点建设高校。'),
('10010', '华中科技大学', '985', '公办', '湖北', '武汉', 1, 1, 1, '华中科技大学是国家教育部直属重点综合性大学，国家"211工程"和"985工程"重点建设高校。'),
('10011', '中山大学', '985', '公办', '广东', '广州', 1, 1, 1, '中山大学由孙中山先生创办，有着一百多年办学传统，是教育部直属重点综合性大学。'),
('10012', '四川大学', '985', '公办', '四川', '成都', 1, 1, 1, '四川大学是教育部直属全国重点大学，国家"211工程"和"985工程"重点建设高校。'),
('10013', '同济大学', '985', '公办', '上海', '上海', 1, 1, 1, '同济大学是中国最早的国立大学之一，国家"211工程"和"985工程"重点建设高校。'),
('10014', '北京航空航天大学', '985', '公办', '北京', '北京', 1, 1, 1, '北京航空航天大学是新中国第一所航空航天高等学府，国家"985工程"重点建设高校。'),
('10015', '东南大学', '985', '公办', '江苏', '南京', 1, 1, 1, '东南大学是国家教育部直属并与江苏省共建的全国重点大学，国家"985工程"重点建设高校。'),
('10016', '北京理工大学', '985', '公办', '北京', '北京', 1, 1, 1, '北京理工大学是中国共产党创办的第一所理工科大学，国家"985工程"重点建设高校。'),
('10017', '南开大学', '985', '公办', '天津', '天津', 1, 1, 1, '南开大学是国家教育部直属重点综合性大学，国家"211工程"和"985工程"重点建设高校。'),
('10018', '天津大学', '985', '公办', '天津', '天津', 1, 1, 1, '天津大学是中国第一所现代大学，国家"211工程"和"985工程"重点建设高校。'),
('10019', '厦门大学', '985', '公办', '福建', '厦门', 1, 1, 1, '厦门大学是国家教育部直属重点综合性大学，国家"211工程"和"985工程"重点建设高校。'),
('10020', '郑州大学', '211', '公办', '河南', '郑州', 0, 1, 1, '郑州大学是国家"211工程"重点建设高校、一流大学建设高校，河南省唯一的211院校。'),
('10021', '河南大学', '双一流', '公办', '河南', '开封', 0, 0, 1, '河南大学是国家首批"双一流"建设高校，河南省属重点综合性大学。'),
('10022', '北京邮电大学', '211', '公办', '北京', '北京', 0, 1, 1, '北京邮电大学是教育部直属的信息科技特色全国重点大学，国家"211工程"重点建设高校。'),
('10023', '电子科技大学', '985', '公办', '四川', '成都', 1, 1, 1, '电子科技大学是以电子信息科学技术为核心的全国重点大学，国家"985工程"重点建设高校。');

-- === 河南省控线 (2021-2025) ===
INSERT INTO province_score_line (year, province, subject_type, batch, score) VALUES
(2021, '河南', 'science', '本科一批', 518),
(2021, '河南', 'science', '本科二批', 400),
(2022, '河南', 'science', '本科一批', 509),
(2022, '河南', 'science', '本科二批', 405),
(2021, '河南', 'liberal', '本科一批', 558),
(2021, '河南', 'liberal', '本科二批', 466),
(2022, '河南', 'liberal', '本科一批', 527),
(2022, '河南', 'liberal', '本科二批', 445),
(2023, '河南', 'liberal', '本科一批', 547),
(2023, '河南', 'liberal', '本科二批', 465),
(2024, '河南', 'liberal', '本科一批', 521),
(2024, '河南', 'liberal', '本科二批', 428),
(2025, '河南', 'liberal', '本科一批', 516),
(2025, '河南', 'liberal', '本科二批', 422);

-- === 更多录取分数线 (河南理科 2023-2025) ===
-- 顶尖 985
INSERT INTO admission_score (school_code, school_name, year, province, subject_type, batch, min_score, avg_score, min_rank) VALUES
('10001', '北京大学', 2023, '河南', 'science', '本科一批', 698, 703, 120),
('10001', '北京大学', 2024, '河南', 'science', '本科一批', 696, 701, 135),
('10002', '清华大学', 2023, '河南', 'science', '本科一批', 700, 705, 95),
('10002', '清华大学', 2024, '河南', 'science', '本科一批', 698, 703, 105),
('10003', '复旦大学', 2023, '河南', 'science', '本科一批', 678, 683, 520),
('10004', '上海交通大学', 2023, '河南', 'science', '本科一批', 682, 687, 420),
('10005', '浙江大学', 2023, '河南', 'science', '本科一批', 675, 680, 560),
('10006', '南京大学', 2023, '河南', 'science', '本科一批', 672, 677, 620),
('10007', '中国科学技术大学', 2023, '河南', 'science', '本科一批', 680, 685, 450),
('10008', '哈尔滨工业大学', 2023, '河南', 'science', '本科一批', 655, 662, 2100),
('10009', '武汉大学', 2023, '河南', 'science', '本科一批', 650, 658, 2500),
('10010', '华中科技大学', 2023, '河南', 'science', '本科一批', 648, 655, 2700),
('10011', '中山大学', 2023, '河南', 'science', '本科一批', 638, 645, 3800),
('10012', '四川大学', 2023, '河南', 'science', '本科一批', 628, 635, 5200),
('10013', '同济大学', 2023, '河南', 'science', '本科一批', 655, 662, 2100),
('10014', '北京航空航天大学', 2023, '河南', 'science', '本科一批', 665, 670, 1350),
('10015', '东南大学', 2023, '河南', 'science', '本科一批', 640, 648, 3500),
('10016', '北京理工大学', 2023, '河南', 'science', '本科一批', 658, 665, 1800),
('10017', '南开大学', 2023, '河南', 'science', '本科一批', 645, 652, 3000),
('10018', '天津大学', 2023, '河南', 'science', '本科一批', 638, 645, 3800),
('10019', '厦门大学', 2023, '河南', 'science', '本科一批', 632, 640, 4600);

-- 中档 211 / 双一流 (2023)
INSERT INTO admission_score (school_code, school_name, year, province, subject_type, batch, min_score, avg_score, min_rank) VALUES
('10020', '郑州大学', 2023, '河南', 'science', '本科一批', 589, 598, 28000),
('10020', '郑州大学', 2024, '河南', 'science', '本科一批', 591, 599, 27500),
('10021', '河南大学', 2023, '河南', 'science', '本科一批', 571, 582, 43000),
('10022', '北京邮电大学', 2023, '河南', 'science', '本科一批', 638, 645, 3800),
('10023', '电子科技大学', 2023, '河南', 'science', '本科一批', 645, 652, 3000);

-- 西交/西工大/西电 2024 数据
INSERT INTO admission_score (school_code, school_name, major_name, year, province, subject_type, batch, min_score, avg_score, min_rank) VALUES
('10698', '西安交通大学', '计算机科学与技术', 2024, '河南', 'science', '本科一批', 646, 653, 3650),
('10698', '西安交通大学', '人工智能', 2024, '河南', 'science', '本科一批', 648, 655, 3420),
('10699', '西北工业大学', '计算机科学与技术', 2024, '河南', 'science', '本科一批', 635, 642, 5500),
('10701', '西安电子科技大学', '计算机科学与技术', 2024, '河南', 'science', '本科一批', 618, 625, 10200),
('10701', '西安电子科技大学', '通信工程', 2024, '河南', 'science', '本科一批', 622, 629, 9200);
