-- Seed data — safe to re-run (INSERT IGNORE skips existing rows)
USE volunteer_assistant;

-- 管理员账号 (密码: admin123)
INSERT IGNORE INTO `user` (`username`, `password`, `nickname`, `email`, `role`, `status`) VALUES
('admin', '$2a$10$N.zmdr9k7uOCQb376NoUnuTJ8iAt6Z5EHsM8lE9lBOsl7iAt6Z5Eh', '系统管理员', 'admin@volunteer.cn', 'ADMIN', 1);

-- 测试用户 (密码: test123456)
INSERT IGNORE INTO `user` (`username`, `password`, `nickname`, `email`, `phone`, `gender`, `province`, `role`) VALUES
('testuser', '$2a$10$N.zmdr9k7uOCQb376NoUnuTJ8iAt6Z5EHsM8lE9lBOsl7iAt6Z5Eh', '测试考生', 'test@test.com', '13800000000', 1, '河南', 'USER');

-- 陕西院校
INSERT IGNORE INTO `school_info` (`school_code`, `school_name`, `school_type`, `school_nature`, `location`, `city`, `is_985`, `is_211`, `is_double_first`, `description`) VALUES
('10698', '西安交通大学', 'C9联盟', '公办', '陕西', '西安', 1, 1, 1, '教育部直属重点大学，国家"211工程"和"985工程"重点建设高校，首批"双一流"建设高校。'),
('10699', '西北工业大学', '985', '公办', '陕西', '西安', 1, 1, 1, '我国唯一一所以航空、航天、航海工程教育和科学研究为特色的全国重点大学。'),
('10701', '西安电子科技大学', '211', '公办', '陕西', '西安', 0, 1, 1, '以信息与电子学科为主，工、理、管、文多学科协调发展的全国重点大学。'),
('10718', '陕西师范大学', '211', '公办', '陕西', '西安', 0, 1, 1, '教育部直属、世界一流学科建设高校，国家高等院校师资培养重要基地。'),
('10697', '西北大学', '211', '公办', '陕西', '西安', 0, 1, 1, '首批国家"世界一流学科建设高校"，国家"211工程"重点建设高校。'),
('10712', '西北农林科技大学', '985', '公办', '陕西', '杨凌', 1, 1, 1, '教育部直属，国家"985工程"和"211工程"重点建设高校。'),
('10710', '长安大学', '211', '公办', '陕西', '西安', 0, 1, 1, '教育部直属全国重点大学，国家首批"211工程"重点建设大学。');

-- 热门专业
INSERT IGNORE INTO `major_info` (`major_code`, `major_name`, `major_category`, `major_subcategory`, `degree_type`, `description`, `hot_index`, `employment_rate`, `salary_avg`) VALUES
('080901', '计算机科学与技术', '工学', '计算机类', '工学学士', '研究计算机系统结构、程序系统、人工智能以及计算应用', 98, 96.5, 15000),
('080902', '软件工程', '工学', '计算机类', '工学学士', '研究用工程化方法构建和维护有效的、实用的和高质量的软件', 96, 95.8, 16000),
('080717T', '人工智能', '工学', '计算机类', '工学学士', '研究开发用于模拟、延伸和扩展人的智能的理论、方法、技术及应用系统', 99, 94.2, 18000),
('080703', '数据科学与大数据技术', '工学', '计算机类', '工学学士', '研究大数据的采集、存储、处理、分析和应用', 95, 93.5, 15500),
('080701', '电子信息工程', '工学', '电子信息类', '工学学士', '研究电子技术和信息系统的设计、开发和应用', 90, 94.0, 14000),
('080601', '电气工程及其自动化', '工学', '电气类', '工学学士', '研究电能的产生、传输、转换、控制和应用', 85, 96.2, 13000),
('100201K', '临床医学', '医学', '临床医学类', '医学学士', '研究疾病的病因、诊断、治疗和预后', 92, 97.8, 12000),
('020301K', '金融学', '经济学', '金融学类', '经济学学士', '研究价值判断和价值规律，研究金融市场的运作规律', 88, 91.5, 13500),
('120203K', '会计学', '管理学', '工商管理类', '管理学学士', '研究财务活动和成本资料的收集、分类、综合、分析和解释', 82, 93.2, 10000),
('030101K', '法学', '法学', '法学类', '法学学士', '研究法律、法律现象以及其规律性', 84, 89.5, 11000);

-- 省控线 (河南理科 2023-2025)
INSERT IGNORE INTO `province_score_line` (`year`, `province`, `subject_type`, `batch`, `score`) VALUES
(2023, '河南', 'science', '本科一批', 514),
(2023, '河南', 'science', '本科二批', 409),
(2024, '河南', 'science', '本科一批', 511),
(2024, '河南', 'science', '本科二批', 407),
(2025, '河南', 'science', '本科一批', 509),
(2025, '河南', 'science', '本科二批', 405);

-- 西交/西工大/西电 录取分数线
INSERT IGNORE INTO `admission_score` (`school_code`, `school_name`, `major_code`, `major_name`, `year`, `province`, `subject_type`, `batch`, `min_score`, `avg_score`, `min_rank`, `admission_count`) VALUES
('10698', '西安交通大学', '080901', '计算机科学与技术', 2023, '河南', 'science', '本科一批', 646, 653, 3650, 12),
('10698', '西安交通大学', '080901', '计算机科学与技术', 2024, '河南', 'science', '本科一批', 643, 651, 3820, 14),
('10698', '西安交通大学', '080717T', '人工智能', 2023, '河南', 'science', '本科一批', 648, 655, 3420, 8),
('10699', '西北工业大学', '080901', '计算机科学与技术', 2023, '河南', 'science', '本科一批', 632, 640, 5980, 18),
('10701', '西安电子科技大学', '080901', '计算机科学与技术', 2023, '河南', 'science', '本科一批', 615, 622, 10800, 35),
('10701', '西安电子科技大学', '080701', '电子信息工程', 2023, '河南', 'science', '本科一批', 620, 628, 9200, 28);

-- 就业趋势
INSERT IGNORE INTO `employment_trend` (`major_category`, `year`, `employment_rate`, `avg_salary`, `job_openings`, `growth_rate`, `trend_direction`) VALUES
('计算机类', 2023, 95.2, 14500, 82, 12.5, 'up'),
('计算机类', 2024, 96.1, 15200, 95, 15.8, 'up'),
('计算机类', 2025, 96.5, 15800, 110, 16.2, 'up'),
('电子信息类', 2023, 94.0, 13500, 65, 10.2, 'up'),
('医学类', 2023, 97.2, 11500, 45, 8.5, 'up');

-- 专业热度排行
INSERT IGNORE INTO `major_hot_rank` (`major_code`, `major_name`, `year`, `hot_score`, `rank`, `search_volume`, `apply_growth`) VALUES
('080717T', '人工智能', 2025, 98.5, 1, 2850000, 22.5),
('080901', '计算机科学与技术', 2025, 97.2, 2, 3120000, 18.8),
('080902', '软件工程', 2025, 96.0, 3, 2650000, 16.5),
('080703', '数据科学与大数据技术', 2025, 94.5, 4, 1980000, 20.2),
('100201K', '临床医学', 2025, 92.8, 5, 2450000, 12.5),
('080701', '电子信息工程', 2025, 91.0, 6, 2150000, 14.0);
